Annee;Serie;Code_Station;Id_Operation;Code_PMFM;Libelle_PMFM;Valeur
2 015;Campagne CGFS;T0527;1;829;"""Ouverture Horizontale aux pointes d'ailes - opération - totale - Calculé, méthode inconnue""";15.0
2 015;Campagne CGFS;T0528;2;829;"""Ouverture Horizontale aux pointes d'ailes - opération - totale - Calculé, méthode inconnue""";15.0
2 015;Campagne CGFS;T0529;3;829;"""Ouverture Horizontale aux pointes d'ailes - opération - totale - Calculé, méthode inconnue""";15.0
2 015;Campagne CGFS;T0532;4;829;"""Ouverture Horizontale aux pointes d'ailes - opération - totale - Calculé, méthode inconnue""";14.61
2 015;Campagne CGFS;T0533;5;829;"""Ouverture Horizontale aux pointes d'ailes - opération - totale - Calculé, méthode inconnue""";13.0
2 015;Campagne CGFS;T0534;6;829;"""Ouverture Horizontale aux pointes d'ailes - opération - totale - Calculé, méthode inconnue""";13.41
2 015;Campagne CGFS;T0535;7;829;"""Ouverture Horizontale aux pointes d'ailes - opération - totale - Calculé, méthode inconnue""";15.65
2 015;Campagne CGFS;T0536;8;829;"""Ouverture Horizontale aux pointes d'ailes - opération - totale - Calculé, méthode inconnue""";17.0
2 015;Campagne CGFS;T0538;9;829;"""Ouverture Horizontale aux pointes d'ailes - opération - totale - Calculé, méthode inconnue""";16.0
2 015;Campagne CGFS;T0539;10;829;"""Ouverture Horizontale aux pointes d'ailes - opération - totale - Calculé, méthode inconnue""";16.0
2 015;Campagne CGFS;T0540;11;829;"""Ouverture Horizontale aux pointes d'ailes - opération - totale - Calculé, méthode inconnue""";16.0
2 015;Campagne CGFS;T0541;12;829;"""Ouverture Horizontale aux pointes d'ailes - opération - totale - Calculé, méthode inconnue""";16.0
2 015;Campagne CGFS;T0542;13;829;"""Ouverture Horizontale aux pointes d'ailes - opération - totale - Calculé, méthode inconnue""";15.0
2 015;Campagne CGFS;T0543;14;829;"""Ouverture Horizontale aux pointes d'ailes - opération - totale - Calculé, méthode inconnue""";15.0
2 015;Campagne CGFS;T0545;15;829;"""Ouverture Horizontale aux pointes d'ailes - opération - totale - Calculé, méthode inconnue""";14.81
2 015;Campagne CGFS;T0546;16;829;"""Ouverture Horizontale aux pointes d'ailes - opération - totale - Calculé, méthode inconnue""";14.51
2 015;Campagne CGFS;T0547;17;829;"""Ouverture Horizontale aux pointes d'ailes - opération - totale - Calculé, méthode inconnue""";14.0
2 015;Campagne CGFS;T0548;18;829;"""Ouverture Horizontale aux pointes d'ailes - opération - totale - Calculé, méthode inconnue""";15.0
2 015;Campagne CGFS;T0549;19;829;"""Ouverture Horizontale aux pointes d'ailes - opération - totale - Calculé, méthode inconnue""";14.91
2 015;Campagne CGFS;T0550;20;829;"""Ouverture Horizontale aux pointes d'ailes - opération - totale - Calculé, méthode inconnue""";15.0
2 015;Campagne CGFS;T0553;21;829;"""Ouverture Horizontale aux pointes d'ailes - opération - totale - Calculé, méthode inconnue""";15.0
2 015;Campagne CGFS;T0554;22;829;"""Ouverture Horizontale aux pointes d'ailes - opération - totale - Calculé, méthode inconnue""";15.0
2 015;Campagne CGFS;T0555;23;829;"""Ouverture Horizontale aux pointes d'ailes - opération - totale - Calculé, méthode inconnue""";14.0
2 015;Campagne CGFS;T0556;24;829;"""Ouverture Horizontale aux pointes d'ailes - opération - totale - Calculé, méthode inconnue""";14.0
2 015;Campagne CGFS;T0557;25;829;"""Ouverture Horizontale aux pointes d'ailes - opération - totale - Calculé, méthode inconnue""";14.0
2 015;Campagne CGFS;T0558;26;829;"""Ouverture Horizontale aux pointes d'ailes - opération - totale - Calculé, méthode inconnue""";14.8
2 015;Campagne CGFS;T0559;27;829;"""Ouverture Horizontale aux pointes d'ailes - opération - totale - Calculé, méthode inconnue""";14.95
2 015;Campagne CGFS;T0560;28;829;"""Ouverture Horizontale aux pointes d'ailes - opération - totale - Calculé, méthode inconnue""";15.0
2 015;Campagne CGFS;T0561;29;829;"""Ouverture Horizontale aux pointes d'ailes - opération - totale - Calculé, méthode inconnue""";15.0
2 015;Campagne CGFS;T0562;30;829;"""Ouverture Horizontale aux pointes d'ailes - opération - totale - Calculé, méthode inconnue""";15.0
2 015;Campagne CGFS;T0563;31;829;"""Ouverture Horizontale aux pointes d'ailes - opération - totale - Calculé, méthode inconnue""";15.0
2 015;Campagne CGFS;T0564;32;829;"""Ouverture Horizontale aux pointes d'ailes - opération - totale - Calculé, méthode inconnue""";15.0
2 015;Campagne CGFS;T0565;33;829;"""Ouverture Horizontale aux pointes d'ailes - opération - totale - Calculé, méthode inconnue""";15.0
2 015;Campagne CGFS;T0566;34;829;"""Ouverture Horizontale aux pointes d'ailes - opération - totale - Calculé, méthode inconnue""";15.0
2 015;Campagne CGFS;T0567;35;829;"""Ouverture Horizontale aux pointes d'ailes - opération - totale - Calculé, méthode inconnue""";15.0
2 015;Campagne CGFS;T0568;36;829;"""Ouverture Horizontale aux pointes d'ailes - opération - totale - Calculé, méthode inconnue""";15.0
2 015;Campagne CGFS;T0569;37;829;"""Ouverture Horizontale aux pointes d'ailes - opération - totale - Calculé, méthode inconnue""";15.0
2 015;Campagne CGFS;T0572;38;829;"""Ouverture Horizontale aux pointes d'ailes - opération - totale - Calculé, méthode inconnue""";14.6
2 015;Campagne CGFS;T0573;39;829;"""Ouverture Horizontale aux pointes d'ailes - opération - totale - Calculé, méthode inconnue""";15.0
2 015;Campagne CGFS;T0574;40;829;"""Ouverture Horizontale aux pointes d'ailes - opération - totale - Calculé, méthode inconnue""";15.0
2 015;Campagne CGFS;T0575;41;829;"""Ouverture Horizontale aux pointes d'ailes - opération - totale - Calculé, méthode inconnue""";14.0
2 015;Campagne CGFS;T0576;42;829;"""Ouverture Horizontale aux pointes d'ailes - opération - totale - Calculé, méthode inconnue""";16.0
2 015;Campagne CGFS;T0578;43;829;"""Ouverture Horizontale aux pointes d'ailes - opération - totale - Calculé, méthode inconnue""";15.0
2 015;Campagne CGFS;T0579;44;829;"""Ouverture Horizontale aux pointes d'ailes - opération - totale - Calculé, méthode inconnue""";15.0
2 015;Campagne CGFS;T0580;45;829;"""Ouverture Horizontale aux pointes d'ailes - opération - totale - Calculé, méthode inconnue""";15.0
2 015;Campagne CGFS;T0581;46;829;"""Ouverture Horizontale aux pointes d'ailes - opération - totale - Calculé, méthode inconnue""";15.0
2 015;Campagne CGFS;T0582;47;829;"""Ouverture Horizontale aux pointes d'ailes - opération - totale - Calculé, méthode inconnue""";15.0
2 015;Campagne CGFS;T0583;48;829;"""Ouverture Horizontale aux pointes d'ailes - opération - totale - Calculé, méthode inconnue""";15.0
2 015;Campagne CGFS;T0584;49;829;"""Ouverture Horizontale aux pointes d'ailes - opération - totale - Calculé, méthode inconnue""";15.65
2 015;Campagne CGFS;T0585;50;829;"""Ouverture Horizontale aux pointes d'ailes - opération - totale - Calculé, méthode inconnue""";15.0
2 015;Campagne CGFS;T0586;51;829;"""Ouverture Horizontale aux pointes d'ailes - opération - totale - Calculé, méthode inconnue""";17.0
2 015;Campagne CGFS;T0587;52;829;"""Ouverture Horizontale aux pointes d'ailes - opération - totale - Calculé, méthode inconnue""";15.0
2 015;Campagne CGFS;T0588;53;829;"""Ouverture Horizontale aux pointes d'ailes - opération - totale - Calculé, méthode inconnue""";14.0
2 015;Campagne CGFS;T0589;54;829;"""Ouverture Horizontale aux pointes d'ailes - opération - totale - Calculé, méthode inconnue""";13.9
2 015;Campagne CGFS;T0590;55;829;"""Ouverture Horizontale aux pointes d'ailes - opération - totale - Calculé, méthode inconnue""";15.0
2 015;Campagne CGFS;T0591;56;829;"""Ouverture Horizontale aux pointes d'ailes - opération - totale - Calculé, méthode inconnue""";15.0
2 015;Campagne CGFS;T0592;57;829;"""Ouverture Horizontale aux pointes d'ailes - opération - totale - Calculé, méthode inconnue""";15.0
2 015;Campagne CGFS;T0593;58;829;"""Ouverture Horizontale aux pointes d'ailes - opération - totale - Calculé, méthode inconnue""";15.0
2 015;Campagne CGFS;T0595;59;829;"""Ouverture Horizontale aux pointes d'ailes - opération - totale - Calculé, méthode inconnue""";15.0
2 015;Campagne CGFS;T0596;60;829;"""Ouverture Horizontale aux pointes d'ailes - opération - totale - Calculé, méthode inconnue""";15.0
2 015;Campagne CGFS;T0597;61;829;"""Ouverture Horizontale aux pointes d'ailes - opération - totale - Calculé, méthode inconnue""";15.0
2 015;Campagne CGFS;T0598;62;829;"""Ouverture Horizontale aux pointes d'ailes - opération - totale - Calculé, méthode inconnue""";15.0
2 015;Campagne CGFS;T0599;63;829;"""Ouverture Horizontale aux pointes d'ailes - opération - totale - Calculé, méthode inconnue""";15.0
2 015;Campagne CGFS;T0600;64;829;"""Ouverture Horizontale aux pointes d'ailes - opération - totale - Calculé, méthode inconnue""";15.0
2 015;Campagne CGFS;T0601;65;829;"""Ouverture Horizontale aux pointes d'ailes - opération - totale - Calculé, méthode inconnue""";14.9
2 015;Campagne CGFS;T0602;66;829;"""Ouverture Horizontale aux pointes d'ailes - opération - totale - Calculé, méthode inconnue""";15.0
2 015;Campagne CGFS;T0603;67;829;"""Ouverture Horizontale aux pointes d'ailes - opération - totale - Calculé, méthode inconnue""";15.0
2 015;Campagne CGFS;T0604;68;829;"""Ouverture Horizontale aux pointes d'ailes - opération - totale - Calculé, méthode inconnue""";15.1
2 015;Campagne CGFS;T0605;69;829;"""Ouverture Horizontale aux pointes d'ailes - opération - totale - Calculé, méthode inconnue""";15.5
2 015;Campagne CGFS;T0607;70;829;"""Ouverture Horizontale aux pointes d'ailes - opération - totale - Calculé, méthode inconnue""";14.6
2 015;Campagne CGFS;T0608;71;829;"""Ouverture Horizontale aux pointes d'ailes - opération - totale - Calculé, méthode inconnue""";15.0
2 015;Campagne CGFS;T0609;72;829;"""Ouverture Horizontale aux pointes d'ailes - opération - totale - Calculé, méthode inconnue""";15.0
2 015;Campagne CGFS;T0610;73;829;"""Ouverture Horizontale aux pointes d'ailes - opération - totale - Calculé, méthode inconnue""";15.0
2 015;Campagne CGFS;T0611;74;829;"""Ouverture Horizontale aux pointes d'ailes - opération - totale - Calculé, méthode inconnue""";15.0
2 015;Campagne CGFS;T0615;75;829;"""Ouverture Horizontale aux pointes d'ailes - opération - totale - Calculé, méthode inconnue""";14.0
2 015;Campagne CGFS;T0616;76;829;"""Ouverture Horizontale aux pointes d'ailes - opération - totale - Calculé, méthode inconnue""";14.8
2 015;Campagne CGFS;T0618;77;829;"""Ouverture Horizontale aux pointes d'ailes - opération - totale - Calculé, méthode inconnue""";19.0
2 015;Campagne CGFS;T0619;78;829;"""Ouverture Horizontale aux pointes d'ailes - opération - totale - Calculé, méthode inconnue""";20.6
2 015;Campagne CGFS;T0620;79;829;"""Ouverture Horizontale aux pointes d'ailes - opération - totale - Calculé, méthode inconnue""";19.2
2 015;Campagne CGFS;T0621;80;829;"""Ouverture Horizontale aux pointes d'ailes - opération - totale - Calculé, méthode inconnue""";20.6
2 015;Campagne CGFS;T0622;81;829;"""Ouverture Horizontale aux pointes d'ailes - opération - totale - Calculé, méthode inconnue""";20.6
2 015;Campagne CGFS;T0623;82;829;"""Ouverture Horizontale aux pointes d'ailes - opération - totale - Calculé, méthode inconnue""";21.2
2 015;Campagne CGFS;T0624;83;829;"""Ouverture Horizontale aux pointes d'ailes - opération - totale - Calculé, méthode inconnue""";19.9
2 015;Campagne CGFS;T0625;84;829;"""Ouverture Horizontale aux pointes d'ailes - opération - totale - Calculé, méthode inconnue""";18.0
2 015;Campagne CGFS;T0626;85;829;"""Ouverture Horizontale aux pointes d'ailes - opération - totale - Calculé, méthode inconnue""";18.0
2 015;Campagne CGFS;T0627;86;829;"""Ouverture Horizontale aux pointes d'ailes - opération - totale - Calculé, méthode inconnue""";21.0
2 015;Campagne CGFS;T0628;87;829;"""Ouverture Horizontale aux pointes d'ailes - opération - totale - Calculé, méthode inconnue""";21.0
2 015;Campagne CGFS;T0629;88;829;"""Ouverture Horizontale aux pointes d'ailes - opération - totale - Calculé, méthode inconnue""";20.0
2 015;Campagne CGFS;T0630;89;829;"""Ouverture Horizontale aux pointes d'ailes - opération - totale - Calculé, méthode inconnue""";20.0
2 015;Campagne CGFS;T0631;90;829;"""Ouverture Horizontale aux pointes d'ailes - opération - totale - Calculé, méthode inconnue""";21.0
2 015;Campagne CGFS;T0632;91;829;"""Ouverture Horizontale aux pointes d'ailes - opération - totale - Calculé, méthode inconnue""";21.0
2 015;Campagne CGFS;T0633;92;829;"""Ouverture Horizontale aux pointes d'ailes - opération - totale - Calculé, méthode inconnue""";20.0
2 015;Campagne CGFS;T0634;93;829;"""Ouverture Horizontale aux pointes d'ailes - opération - totale - Calculé, méthode inconnue""";21.0
2 015;Campagne CGFS;T0635;94;829;"""Ouverture Horizontale aux pointes d'ailes - opération - totale - Calculé, méthode inconnue""";21.0
2 015;Campagne CGFS;T0636;95;829;"""Ouverture Horizontale aux pointes d'ailes - opération - totale - Calculé, méthode inconnue""";21.0
2 016;Campagne CGFS;U0390;1;829;"""Ouverture Horizontale aux pointes d'ailes - opération - totale - Calculé, méthode inconnue""";15.0
2 016;Campagne CGFS;U0391;2;829;"""Ouverture Horizontale aux pointes d'ailes - opération - totale - Calculé, méthode inconnue""";15.0
2 016;Campagne CGFS;U0392;3;829;"""Ouverture Horizontale aux pointes d'ailes - opération - totale - Calculé, méthode inconnue""";16.0
2 016;Campagne CGFS;U0395;4;829;"""Ouverture Horizontale aux pointes d'ailes - opération - totale - Calculé, méthode inconnue""";17.0
2 016;Campagne CGFS;U0396;5;829;"""Ouverture Horizontale aux pointes d'ailes - opération - totale - Calculé, méthode inconnue""";18.0
2 016;Campagne CGFS;U0397;6;829;"""Ouverture Horizontale aux pointes d'ailes - opération - totale - Calculé, méthode inconnue""";16.0
2 016;Campagne CGFS;U0398;7;829;"""Ouverture Horizontale aux pointes d'ailes - opération - totale - Calculé, méthode inconnue""";14.0
2 016;Campagne CGFS;U0399;8;829;"""Ouverture Horizontale aux pointes d'ailes - opération - totale - Calculé, méthode inconnue""";15.0
2 016;Campagne CGFS;U0400;9;829;"""Ouverture Horizontale aux pointes d'ailes - opération - totale - Calculé, méthode inconnue""";17.0
2 016;Campagne CGFS;U0401;10;829;"""Ouverture Horizontale aux pointes d'ailes - opération - totale - Calculé, méthode inconnue""";17.0
2 016;Campagne CGFS;U0402;11;829;"""Ouverture Horizontale aux pointes d'ailes - opération - totale - Calculé, méthode inconnue""";17.0
2 016;Campagne CGFS;U0403;12;829;"""Ouverture Horizontale aux pointes d'ailes - opération - totale - Calculé, méthode inconnue""";15.0
2 016;Campagne CGFS;U0404;13;829;"""Ouverture Horizontale aux pointes d'ailes - opération - totale - Calculé, méthode inconnue""";16.0
2 016;Campagne CGFS;U0405;14;829;"""Ouverture Horizontale aux pointes d'ailes - opération - totale - Calculé, méthode inconnue""";17.0
2 016;Campagne CGFS;U0406;15;829;"""Ouverture Horizontale aux pointes d'ailes - opération - totale - Calculé, méthode inconnue""";16.0
2 016;Campagne CGFS;U0407;16;829;"""Ouverture Horizontale aux pointes d'ailes - opération - totale - Calculé, méthode inconnue""";15.0
2 016;Campagne CGFS;U0408;17;829;"""Ouverture Horizontale aux pointes d'ailes - opération - totale - Calculé, méthode inconnue""";15.0
2 016;Campagne CGFS;U0409;18;829;"""Ouverture Horizontale aux pointes d'ailes - opération - totale - Calculé, méthode inconnue""";17.0
2 016;Campagne CGFS;U0410;19;829;"""Ouverture Horizontale aux pointes d'ailes - opération - totale - Calculé, méthode inconnue""";15.0
2 016;Campagne CGFS;U0411;20;829;"""Ouverture Horizontale aux pointes d'ailes - opération - totale - Calculé, méthode inconnue""";16.0
2 016;Campagne CGFS;U0414;21;829;"""Ouverture Horizontale aux pointes d'ailes - opération - totale - Calculé, méthode inconnue""";16.0
2 016;Campagne CGFS;U0415;22;829;"""Ouverture Horizontale aux pointes d'ailes - opération - totale - Calculé, méthode inconnue""";14.0
2 016;Campagne CGFS;U0416;23;829;"""Ouverture Horizontale aux pointes d'ailes - opération - totale - Calculé, méthode inconnue""";14.0
2 016;Campagne CGFS;U0417;24;829;"""Ouverture Horizontale aux pointes d'ailes - opération - totale - Calculé, méthode inconnue""";14.0
2 016;Campagne CGFS;U0418;25;829;"""Ouverture Horizontale aux pointes d'ailes - opération - totale - Calculé, méthode inconnue""";14.0
2 016;Campagne CGFS;U0419;26;829;"""Ouverture Horizontale aux pointes d'ailes - opération - totale - Calculé, méthode inconnue""";16.0
2 016;Campagne CGFS;U0420;27;829;"""Ouverture Horizontale aux pointes d'ailes - opération - totale - Calculé, méthode inconnue""";15.0
2 016;Campagne CGFS;U0421;28;829;"""Ouverture Horizontale aux pointes d'ailes - opération - totale - Calculé, méthode inconnue""";16.0
2 016;Campagne CGFS;U0422;29;829;"""Ouverture Horizontale aux pointes d'ailes - opération - totale - Calculé, méthode inconnue""";16.0
2 016;Campagne CGFS;U0423;30;829;"""Ouverture Horizontale aux pointes d'ailes - opération - totale - Calculé, méthode inconnue""";16.0
2 016;Campagne CGFS;U0424;31;829;"""Ouverture Horizontale aux pointes d'ailes - opération - totale - Calculé, méthode inconnue""";16.0
2 016;Campagne CGFS;U0425;32;829;"""Ouverture Horizontale aux pointes d'ailes - opération - totale - Calculé, méthode inconnue""";16.0
2 016;Campagne CGFS;U0426;33;829;"""Ouverture Horizontale aux pointes d'ailes - opération - totale - Calculé, méthode inconnue""";18.0
2 016;Campagne CGFS;U0427;34;829;"""Ouverture Horizontale aux pointes d'ailes - opération - totale - Calculé, méthode inconnue""";17.0
2 016;Campagne CGFS;U0428;35;829;"""Ouverture Horizontale aux pointes d'ailes - opération - totale - Calculé, méthode inconnue""";17.0
2 016;Campagne CGFS;U0429;36;829;"""Ouverture Horizontale aux pointes d'ailes - opération - totale - Calculé, méthode inconnue""";17.0
2 016;Campagne CGFS;U0430;37;829;"""Ouverture Horizontale aux pointes d'ailes - opération - totale - Calculé, méthode inconnue""";16.0
2 016;Campagne CGFS;U0431;38;829;"""Ouverture Horizontale aux pointes d'ailes - opération - totale - Calculé, méthode inconnue""";16.0
2 016;Campagne CGFS;U0432;39;829;"""Ouverture Horizontale aux pointes d'ailes - opération - totale - Calculé, méthode inconnue""";17.0
2 016;Campagne CGFS;U0433;40;829;"""Ouverture Horizontale aux pointes d'ailes - opération - totale - Calculé, méthode inconnue""";17.0
2 016;Campagne CGFS;U0434;41;829;"""Ouverture Horizontale aux pointes d'ailes - opération - totale - Calculé, méthode inconnue""";16.0
2 016;Campagne CGFS;U0435;42;829;"""Ouverture Horizontale aux pointes d'ailes - opération - totale - Calculé, méthode inconnue""";16.0
2 016;Campagne CGFS;U0436;43;829;"""Ouverture Horizontale aux pointes d'ailes - opération - totale - Calculé, méthode inconnue""";14.0
2 016;Campagne CGFS;U0437;44;829;"""Ouverture Horizontale aux pointes d'ailes - opération - totale - Calculé, méthode inconnue""";16.0
2 016;Campagne CGFS;U0438;45;829;"""Ouverture Horizontale aux pointes d'ailes - opération - totale - Calculé, méthode inconnue""";16.0
2 016;Campagne CGFS;U0439;46;829;"""Ouverture Horizontale aux pointes d'ailes - opération - totale - Calculé, méthode inconnue""";16.0
2 016;Campagne CGFS;U0440;47;829;"""Ouverture Horizontale aux pointes d'ailes - opération - totale - Calculé, méthode inconnue""";16.0
2 016;Campagne CGFS;U0444;48;829;"""Ouverture Horizontale aux pointes d'ailes - opération - totale - Calculé, méthode inconnue""";16.0
2 016;Campagne CGFS;U0445;49;829;"""Ouverture Horizontale aux pointes d'ailes - opération - totale - Calculé, méthode inconnue""";15.0
2 016;Campagne CGFS;U0446;50;829;"""Ouverture Horizontale aux pointes d'ailes - opération - totale - Calculé, méthode inconnue""";16.0
2 016;Campagne CGFS;U0447;51;829;"""Ouverture Horizontale aux pointes d'ailes - opération - totale - Calculé, méthode inconnue""";16.0
2 016;Campagne CGFS;U0449;52;829;"""Ouverture Horizontale aux pointes d'ailes - opération - totale - Calculé, méthode inconnue""";16.0
2 016;Campagne CGFS;U0451;53;829;"""Ouverture Horizontale aux pointes d'ailes - opération - totale - Calculé, méthode inconnue""";16.0
2 016;Campagne CGFS;U0452;54;829;"""Ouverture Horizontale aux pointes d'ailes - opération - totale - Calculé, méthode inconnue""";15.0
2 016;Campagne CGFS;U0453;55;829;"""Ouverture Horizontale aux pointes d'ailes - opération - totale - Calculé, méthode inconnue""";15.0
2 016;Campagne CGFS;U0454;56;829;"""Ouverture Horizontale aux pointes d'ailes - opération - totale - Calculé, méthode inconnue""";14.0
2 016;Campagne CGFS;U0455;57;829;"""Ouverture Horizontale aux pointes d'ailes - opération - totale - Calculé, méthode inconnue""";16.0
2 016;Campagne CGFS;U0458;58;829;"""Ouverture Horizontale aux pointes d'ailes - opération - totale - Calculé, méthode inconnue""";18.0
2 016;Campagne CGFS;U0459;59;829;"""Ouverture Horizontale aux pointes d'ailes - opération - totale - Calculé, méthode inconnue""";19.0
2 016;Campagne CGFS;U0460;60;829;"""Ouverture Horizontale aux pointes d'ailes - opération - totale - Calculé, méthode inconnue""";18.0
2 016;Campagne CGFS;U0461;61;829;"""Ouverture Horizontale aux pointes d'ailes - opération - totale - Calculé, méthode inconnue""";18.0
2 016;Campagne CGFS;U0462;62;829;"""Ouverture Horizontale aux pointes d'ailes - opération - totale - Calculé, méthode inconnue""";18.0
2 016;Campagne CGFS;U0463;63;829;"""Ouverture Horizontale aux pointes d'ailes - opération - totale - Calculé, méthode inconnue""";17.0
2 016;Campagne CGFS;U0464;64;829;"""Ouverture Horizontale aux pointes d'ailes - opération - totale - Calculé, méthode inconnue""";17.0
2 016;Campagne CGFS;U0465;65;829;"""Ouverture Horizontale aux pointes d'ailes - opération - totale - Calculé, méthode inconnue""";14.0
2 016;Campagne CGFS;U0466;66;829;"""Ouverture Horizontale aux pointes d'ailes - opération - totale - Calculé, méthode inconnue""";14.0
2 016;Campagne CGFS;U0467;67;829;"""Ouverture Horizontale aux pointes d'ailes - opération - totale - Calculé, méthode inconnue""";18.0
2 016;Campagne CGFS;U0468;68;829;"""Ouverture Horizontale aux pointes d'ailes - opération - totale - Calculé, méthode inconnue""";18.0
2 016;Campagne CGFS;U0469;69;829;"""Ouverture Horizontale aux pointes d'ailes - opération - totale - Calculé, méthode inconnue""";16.0
2 016;Campagne CGFS;U0470;70;829;"""Ouverture Horizontale aux pointes d'ailes - opération - totale - Calculé, méthode inconnue""";16.0
2 016;Campagne CGFS;U0471;71;829;"""Ouverture Horizontale aux pointes d'ailes - opération - totale - Calculé, méthode inconnue""";17.0
2 016;Campagne CGFS;U0472;72;829;"""Ouverture Horizontale aux pointes d'ailes - opération - totale - Calculé, méthode inconnue""";18.0
2 016;Campagne CGFS;U0473;73;829;"""Ouverture Horizontale aux pointes d'ailes - opération - totale - Calculé, méthode inconnue""";18.0
2 016;Campagne CGFS;U0474;74;829;"""Ouverture Horizontale aux pointes d'ailes - opération - totale - Calculé, méthode inconnue""";17.0
2 016;Campagne CGFS;U0475;75;829;"""Ouverture Horizontale aux pointes d'ailes - opération - totale - Calculé, méthode inconnue""";17.0
2 016;Campagne CGFS;U0477;76;829;"""Ouverture Horizontale aux pointes d'ailes - opération - totale - Calculé, méthode inconnue""";20.15
2 016;Campagne CGFS;U0480;79;829;"""Ouverture Horizontale aux pointes d'ailes - opération - totale - Calculé, méthode inconnue""";20.161062
2 016;Campagne CGFS;U0483;81;829;"""Ouverture Horizontale aux pointes d'ailes - opération - totale - Calculé, méthode inconnue""";20.233103
2 016;Campagne CGFS;U0485;82;829;"""Ouverture Horizontale aux pointes d'ailes - opération - totale - Calculé, méthode inconnue""";20.732813
2 016;Campagne CGFS;U0489;84;829;"""Ouverture Horizontale aux pointes d'ailes - opération - totale - Calculé, méthode inconnue""";20.224562
2 016;Campagne CGFS;U0494;88;829;"""Ouverture Horizontale aux pointes d'ailes - opération - totale - Calculé, méthode inconnue""";20.888695
2 016;Campagne CGFS;U0498;91;829;"""Ouverture Horizontale aux pointes d'ailes - opération - totale - Calculé, méthode inconnue""";20.792105
2 016;Campagne CGFS;U0500;92;829;"""Ouverture Horizontale aux pointes d'ailes - opération - totale - Calculé, méthode inconnue""";21.0
2 017;Campagne CGFS;V0391;1;828;Ouverture Horizontale aux pointes d'ailes - opération - totale - Instrument de bord;14.250416
2 017;Campagne CGFS;V0392;2;828;Ouverture Horizontale aux pointes d'ailes - opération - totale - Instrument de bord;15.942974
2 017;Campagne CGFS;V0393;3;828;Ouverture Horizontale aux pointes d'ailes - opération - totale - Instrument de bord;15.22238
2 017;Campagne CGFS;V0396;4;828;Ouverture Horizontale aux pointes d'ailes - opération - totale - Instrument de bord;17.1
2 017;Campagne CGFS;V0397;5;828;Ouverture Horizontale aux pointes d'ailes - opération - totale - Instrument de bord;17.0
2 017;Campagne CGFS;V0398;6;828;Ouverture Horizontale aux pointes d'ailes - opération - totale - Instrument de bord;16.3
2 017;Campagne CGFS;V0399;7;828;Ouverture Horizontale aux pointes d'ailes - opération - totale - Instrument de bord;15.8
2 017;Campagne CGFS;V0400;8;828;Ouverture Horizontale aux pointes d'ailes - opération - totale - Instrument de bord;13.8
2 017;Campagne CGFS;V0401;9;828;Ouverture Horizontale aux pointes d'ailes - opération - totale - Instrument de bord;16.6
2 017;Campagne CGFS;V0402;10;828;Ouverture Horizontale aux pointes d'ailes - opération - totale - Instrument de bord;15.8
2 017;Campagne CGFS;V0403;11;828;Ouverture Horizontale aux pointes d'ailes - opération - totale - Instrument de bord;16.9
2 017;Campagne CGFS;V0405;12;828;Ouverture Horizontale aux pointes d'ailes - opération - totale - Instrument de bord;15.9
2 017;Campagne CGFS;V0406;13;828;Ouverture Horizontale aux pointes d'ailes - opération - totale - Instrument de bord;16.713842
2 017;Campagne CGFS;V0409;14;828;Ouverture Horizontale aux pointes d'ailes - opération - totale - Instrument de bord;15.2
2 017;Campagne CGFS;V0410;15;828;Ouverture Horizontale aux pointes d'ailes - opération - totale - Instrument de bord;16.2
2 017;Campagne CGFS;V0411;16;828;Ouverture Horizontale aux pointes d'ailes - opération - totale - Instrument de bord;15.7
2 017;Campagne CGFS;V0412;17;828;Ouverture Horizontale aux pointes d'ailes - opération - totale - Instrument de bord;15.6
2 017;Campagne CGFS;V0413;18;828;Ouverture Horizontale aux pointes d'ailes - opération - totale - Instrument de bord;14.0
2 017;Campagne CGFS;V0414;19;828;Ouverture Horizontale aux pointes d'ailes - opération - totale - Instrument de bord;15.4
2 017;Campagne CGFS;V0416;20;828;Ouverture Horizontale aux pointes d'ailes - opération - totale - Instrument de bord;16.0
2 017;Campagne CGFS;V0417;21;828;Ouverture Horizontale aux pointes d'ailes - opération - totale - Instrument de bord;14.9
2 017;Campagne CGFS;V0418;22;828;Ouverture Horizontale aux pointes d'ailes - opération - totale - Instrument de bord;14.8
2 017;Campagne CGFS;V0419;23;828;Ouverture Horizontale aux pointes d'ailes - opération - totale - Instrument de bord;13.8
2 017;Campagne CGFS;V0420;24;828;Ouverture Horizontale aux pointes d'ailes - opération - totale - Instrument de bord;13.3
2 017;Campagne CGFS;V0421;25;828;Ouverture Horizontale aux pointes d'ailes - opération - totale - Instrument de bord;16.077038
2 017;Campagne CGFS;V0422;26;828;Ouverture Horizontale aux pointes d'ailes - opération - totale - Instrument de bord;16.2
2 017;Campagne CGFS;V0423;27;828;Ouverture Horizontale aux pointes d'ailes - opération - totale - Instrument de bord;16.093796
2 017;Campagne CGFS;V0424;28;828;Ouverture Horizontale aux pointes d'ailes - opération - totale - Instrument de bord;16.261375
2 017;Campagne CGFS;V0425;29;828;Ouverture Horizontale aux pointes d'ailes - opération - totale - Instrument de bord;15.959732
2 017;Campagne CGFS;V0427;30;828;Ouverture Horizontale aux pointes d'ailes - opération - totale - Instrument de bord;16.663568
2 017;Campagne CGFS;V0428;31;828;Ouverture Horizontale aux pointes d'ailes - opération - totale - Instrument de bord;16.764116
2 017;Campagne CGFS;V0429;32;828;Ouverture Horizontale aux pointes d'ailes - opération - totale - Instrument de bord;16.47923
2 017;Campagne CGFS;V0430;33;828;Ouverture Horizontale aux pointes d'ailes - opération - totale - Instrument de bord;15.97649
2 017;Campagne CGFS;V0431;34;828;Ouverture Horizontale aux pointes d'ailes - opération - totale - Instrument de bord;15.6
2 017;Campagne CGFS;V0434;35;828;Ouverture Horizontale aux pointes d'ailes - opération - totale - Instrument de bord;14.9
2 017;Campagne CGFS;V0435;36;828;Ouverture Horizontale aux pointes d'ailes - opération - totale - Instrument de bord;15.1
2 017;Campagne CGFS;V0436;37;828;Ouverture Horizontale aux pointes d'ailes - opération - totale - Instrument de bord;15.2
2 017;Campagne CGFS;V0437;38;828;Ouverture Horizontale aux pointes d'ailes - opération - totale - Instrument de bord;14.9
2 017;Campagne CGFS;V0438;39;828;Ouverture Horizontale aux pointes d'ailes - opération - totale - Instrument de bord;15.97649
2 017;Campagne CGFS;V0441;40;828;Ouverture Horizontale aux pointes d'ailes - opération - totale - Instrument de bord;17.8
2 017;Campagne CGFS;V0442;41;828;Ouverture Horizontale aux pointes d'ailes - opération - totale - Instrument de bord;17.3
2 017;Campagne CGFS;V0443;42;828;Ouverture Horizontale aux pointes d'ailes - opération - totale - Instrument de bord;14.3
2 017;Campagne CGFS;V0444;43;828;Ouverture Horizontale aux pointes d'ailes - opération - totale - Instrument de bord;14.0
2 017;Campagne CGFS;V0446;44;828;Ouverture Horizontale aux pointes d'ailes - opération - totale - Instrument de bord;16.4
2 017;Campagne CGFS;V0447;45;828;Ouverture Horizontale aux pointes d'ailes - opération - totale - Instrument de bord;15.6
2 017;Campagne CGFS;V0448;46;828;Ouverture Horizontale aux pointes d'ailes - opération - totale - Instrument de bord;16.831148
2 017;Campagne CGFS;V0449;47;828;Ouverture Horizontale aux pointes d'ailes - opération - totale - Instrument de bord;15.9
2 017;Campagne CGFS;V0450;48;828;Ouverture Horizontale aux pointes d'ailes - opération - totale - Instrument de bord;15.8
2 017;Campagne CGFS;V0452;49;828;Ouverture Horizontale aux pointes d'ailes - opération - totale - Instrument de bord;17.98745
2 017;Campagne CGFS;V0453;50;828;Ouverture Horizontale aux pointes d'ailes - opération - totale - Instrument de bord;17.853386
2 017;Campagne CGFS;V0454;51;828;Ouverture Horizontale aux pointes d'ailes - opération - totale - Instrument de bord;17.367405
2 017;Campagne CGFS;V0455;52;828;Ouverture Horizontale aux pointes d'ailes - opération - totale - Instrument de bord;17.451195
2 017;Campagne CGFS;V0456;53;828;Ouverture Horizontale aux pointes d'ailes - opération - totale - Instrument de bord;17.283613
2 017;Campagne CGFS;V0459;54;828;Ouverture Horizontale aux pointes d'ailes - opération - totale - Instrument de bord;17.9
2 017;Campagne CGFS;V0460;55;828;Ouverture Horizontale aux pointes d'ailes - opération - totale - Instrument de bord;18.087997
2 017;Campagne CGFS;V0461;56;828;Ouverture Horizontale aux pointes d'ailes - opération - totale - Instrument de bord;15.993248
2 017;Campagne CGFS;V0462;57;828;Ouverture Horizontale aux pointes d'ailes - opération - totale - Instrument de bord;17.015486
2 017;Campagne CGFS;V0463;58;828;Ouverture Horizontale aux pointes d'ailes - opération - totale - Instrument de bord;18.205303
2 017;Campagne CGFS;V0464;59;828;Ouverture Horizontale aux pointes d'ailes - opération - totale - Instrument de bord;19.126993
2 017;Campagne CGFS;V0465;60;828;Ouverture Horizontale aux pointes d'ailes - opération - totale - Instrument de bord;18.641012
2 017;Campagne CGFS;V0466;61;828;Ouverture Horizontale aux pointes d'ailes - opération - totale - Instrument de bord;17.518227
2 017;Campagne CGFS;V0467;62;828;Ouverture Horizontale aux pointes d'ailes - opération - totale - Instrument de bord;17.31713
2 017;Campagne CGFS;V0468;63;828;Ouverture Horizontale aux pointes d'ailes - opération - totale - Instrument de bord;17.48471
2 017;Campagne CGFS;V0471;64;828;Ouverture Horizontale aux pointes d'ailes - opération - totale - Instrument de bord;15.2
2 017;Campagne CGFS;V0472;65;828;Ouverture Horizontale aux pointes d'ailes - opération - totale - Instrument de bord;13.9
2 017;Campagne CGFS;V0473;66;828;Ouverture Horizontale aux pointes d'ailes - opération - totale - Instrument de bord;15.6
2 017;Campagne CGFS;V0474;67;828;Ouverture Horizontale aux pointes d'ailes - opération - totale - Instrument de bord;16.278133
2 017;Campagne CGFS;V0475;68;828;Ouverture Horizontale aux pointes d'ailes - opération - totale - Instrument de bord;14.5
2 017;Campagne CGFS;V0477;69;828;Ouverture Horizontale aux pointes d'ailes - opération - totale - Instrument de bord;15.8
2 017;Campagne CGFS;V0478;70;828;Ouverture Horizontale aux pointes d'ailes - opération - totale - Instrument de bord;15.4
2 017;Campagne CGFS;V0479;71;828;Ouverture Horizontale aux pointes d'ailes - opération - totale - Instrument de bord;16.0
2 018;Campagne CGFS;W0398;1;828;Ouverture Horizontale aux pointes d'ailes - opération - totale - Instrument de bord;0.0
2 018;Campagne CGFS;W0399;2;828;Ouverture Horizontale aux pointes d'ailes - opération - totale - Instrument de bord;0.0
2 018;Campagne CGFS;W0400;3;828;Ouverture Horizontale aux pointes d'ailes - opération - totale - Instrument de bord;0.0
2 018;Campagne CGFS;W0401;4;828;Ouverture Horizontale aux pointes d'ailes - opération - totale - Instrument de bord;0.0
2 018;Campagne CGFS;W0402;5;828;Ouverture Horizontale aux pointes d'ailes - opération - totale - Instrument de bord;0.0
2 018;Campagne CGFS;W0403;6;828;Ouverture Horizontale aux pointes d'ailes - opération - totale - Instrument de bord;0.0
2 018;Campagne CGFS;W0404;7;828;Ouverture Horizontale aux pointes d'ailes - opération - totale - Instrument de bord;20.287878
2 018;Campagne CGFS;W0405;8;828;Ouverture Horizontale aux pointes d'ailes - opération - totale - Instrument de bord;19.681196
2 018;Campagne CGFS;W0406;9;828;Ouverture Horizontale aux pointes d'ailes - opération - totale - Instrument de bord;19.737894
2 018;Campagne CGFS;W0407;10;828;Ouverture Horizontale aux pointes d'ailes - opération - totale - Instrument de bord;19.942373
2 018;Campagne CGFS;W0408;11;828;Ouverture Horizontale aux pointes d'ailes - opération - totale - Instrument de bord;19.960169
2 018;Campagne CGFS;W0409;12;828;Ouverture Horizontale aux pointes d'ailes - opération - totale - Instrument de bord;19.20678
2 018;Campagne CGFS;W0410;13;828;Ouverture Horizontale aux pointes d'ailes - opération - totale - Instrument de bord;18.804937
2 018;Campagne CGFS;W0411;14;828;Ouverture Horizontale aux pointes d'ailes - opération - totale - Instrument de bord;19.71356
2 018;Campagne CGFS;W0412;15;828;Ouverture Horizontale aux pointes d'ailes - opération - totale - Instrument de bord;19.918644
2 018;Campagne CGFS;W0413;16;828;Ouverture Horizontale aux pointes d'ailes - opération - totale - Instrument de bord;20.041739
2 018;Campagne CGFS;W0414;17;828;Ouverture Horizontale aux pointes d'ailes - opération - totale - Instrument de bord;19.845379
2 018;Campagne CGFS;W0415;18;828;Ouverture Horizontale aux pointes d'ailes - opération - totale - Instrument de bord;19.748913
2 018;Campagne CGFS;W0416;19;828;Ouverture Horizontale aux pointes d'ailes - opération - totale - Instrument de bord;19.424658
2 018;Campagne CGFS;W0417;20;828;Ouverture Horizontale aux pointes d'ailes - opération - totale - Instrument de bord;20.234615
2 018;Campagne CGFS;W0418;21;828;Ouverture Horizontale aux pointes d'ailes - opération - totale - Instrument de bord;19.638794
2 018;Campagne CGFS;W0420;22;828;Ouverture Horizontale aux pointes d'ailes - opération - totale - Instrument de bord;0.0
2 018;Campagne CGFS;W0421;23;828;Ouverture Horizontale aux pointes d'ailes - opération - totale - Instrument de bord;19.84125
2 018;Campagne CGFS;W0422;24;828;Ouverture Horizontale aux pointes d'ailes - opération - totale - Instrument de bord;19.802856
2 018;Campagne CGFS;W0423;25;828;Ouverture Horizontale aux pointes d'ailes - opération - totale - Instrument de bord;19.996939
2 018;Campagne CGFS;W0424;26;828;Ouverture Horizontale aux pointes d'ailes - opération - totale - Instrument de bord;19.617796
2 018;Campagne CGFS;W0425;27;828;Ouverture Horizontale aux pointes d'ailes - opération - totale - Instrument de bord;18.970667
2 018;Campagne CGFS;W0426;28;828;Ouverture Horizontale aux pointes d'ailes - opération - totale - Instrument de bord;19.184376
2 018;Campagne CGFS;W0427;29;828;Ouverture Horizontale aux pointes d'ailes - opération - totale - Instrument de bord;19.214474
2 018;Campagne CGFS;W0428;30;828;Ouverture Horizontale aux pointes d'ailes - opération - totale - Instrument de bord;19.86
2 018;Campagne CGFS;W0429;31;828;Ouverture Horizontale aux pointes d'ailes - opération - totale - Instrument de bord;19.034483
2 018;Campagne CGFS;W0430;32;828;Ouverture Horizontale aux pointes d'ailes - opération - totale - Instrument de bord;19.250587
2 018;Campagne CGFS;W0431;33;828;Ouverture Horizontale aux pointes d'ailes - opération - totale - Instrument de bord;18.751328
2 018;Campagne CGFS;W0433;34;828;Ouverture Horizontale aux pointes d'ailes - opération - totale - Instrument de bord;18.470476
2 018;Campagne CGFS;W0434;35;828;Ouverture Horizontale aux pointes d'ailes - opération - totale - Instrument de bord;18.415272
2 018;Campagne CGFS;W0435;36;828;Ouverture Horizontale aux pointes d'ailes - opération - totale - Instrument de bord;18.509302
2 018;Campagne CGFS;W0436;37;828;Ouverture Horizontale aux pointes d'ailes - opération - totale - Instrument de bord;17.312
2 018;Campagne CGFS;W0437;38;828;Ouverture Horizontale aux pointes d'ailes - opération - totale - Instrument de bord;17.125862
2 018;Campagne CGFS;W0438;39;828;Ouverture Horizontale aux pointes d'ailes - opération - totale - Instrument de bord;19.675861
2 018;Campagne CGFS;W0439;40;828;Ouverture Horizontale aux pointes d'ailes - opération - totale - Instrument de bord;19.857779
2 018;Campagne CGFS;W0440;41;828;Ouverture Horizontale aux pointes d'ailes - opération - totale - Instrument de bord;17.21
2 018;Campagne CGFS;W0441;42;828;Ouverture Horizontale aux pointes d'ailes - opération - totale - Instrument de bord;18.624077
2 018;Campagne CGFS;W0442;43;828;Ouverture Horizontale aux pointes d'ailes - opération - totale - Instrument de bord;19.324667
2 018;Campagne CGFS;W0443;44;828;Ouverture Horizontale aux pointes d'ailes - opération - totale - Instrument de bord;18.348276
2 018;Campagne CGFS;W0445;45;828;Ouverture Horizontale aux pointes d'ailes - opération - totale - Instrument de bord;19.771751
2 018;Campagne CGFS;W0446;46;828;Ouverture Horizontale aux pointes d'ailes - opération - totale - Instrument de bord;17.67044
2 018;Campagne CGFS;W0448;47;828;Ouverture Horizontale aux pointes d'ailes - opération - totale - Instrument de bord;18.963291
2 018;Campagne CGFS;W0449;48;828;Ouverture Horizontale aux pointes d'ailes - opération - totale - Instrument de bord;19.432917
2 019;Campagne CGFS;X0359;48;828;Ouverture Horizontale aux pointes d'ailes - opération - totale - Instrument de bord;17.31072
2 019;Campagne CGFS;X0360;49;828;Ouverture Horizontale aux pointes d'ailes - opération - totale - Instrument de bord;16.20906
2 019;Campagne CGFS;X0361;50;828;Ouverture Horizontale aux pointes d'ailes - opération - totale - Instrument de bord;17.93379
2 019;Campagne CGFS;X0362;51;828;Ouverture Horizontale aux pointes d'ailes - opération - totale - Instrument de bord;18.05118
2 019;Campagne CGFS;X0363;52;828;Ouverture Horizontale aux pointes d'ailes - opération - totale - Instrument de bord;17.78028
2 019;Campagne CGFS;X0364;53;828;Ouverture Horizontale aux pointes d'ailes - opération - totale - Instrument de bord;17.07594
2 019;Campagne CGFS;X0365;54;828;Ouverture Horizontale aux pointes d'ailes - opération - totale - Instrument de bord;17.8164
2 019;Campagne CGFS;X0366;55;828;Ouverture Horizontale aux pointes d'ailes - opération - totale - Instrument de bord;16.66056
2 019;Campagne CGFS;X0367;56;828;Ouverture Horizontale aux pointes d'ailes - opération - totale - Instrument de bord;18.01506
2 019;Campagne CGFS;X0368;57;828;Ouverture Horizontale aux pointes d'ailes - opération - totale - Instrument de bord;15.68532
2 019;Campagne CGFS;X0369;58;828;Ouverture Horizontale aux pointes d'ailes - opération - totale - Instrument de bord;15.60405
2 019;Campagne CGFS;X0370;59;828;Ouverture Horizontale aux pointes d'ailes - opération - totale - Instrument de bord;16.33548
2 019;Campagne CGFS;X0371;60;828;Ouverture Horizontale aux pointes d'ailes - opération - totale - Instrument de bord;18.0
2 019;Campagne CGFS;X0372;61;828;Ouverture Horizontale aux pointes d'ailes - opération - totale - Instrument de bord;16.4
2 019;Campagne CGFS;X0373;62;828;Ouverture Horizontale aux pointes d'ailes - opération - totale - Instrument de bord;17.653
2 019;Campagne CGFS;X0374;63;828;Ouverture Horizontale aux pointes d'ailes - opération - totale - Instrument de bord;17.039
2 019;Campagne CGFS;X0375;64;828;Ouverture Horizontale aux pointes d'ailes - opération - totale - Instrument de bord;16.768
2 019;Campagne CGFS;X0377;65;828;Ouverture Horizontale aux pointes d'ailes - opération - totale - Instrument de bord;15.0
2 019;Campagne CGFS;X0378;66;828;Ouverture Horizontale aux pointes d'ailes - opération - totale - Instrument de bord;13.4
2 019;Campagne CGFS;X0379;67;828;Ouverture Horizontale aux pointes d'ailes - opération - totale - Instrument de bord;13.2
2 019;Campagne CGFS;X0380;68;828;Ouverture Horizontale aux pointes d'ailes - opération - totale - Instrument de bord;15.25
2 019;Campagne CGFS;X0381;69;828;Ouverture Horizontale aux pointes d'ailes - opération - totale - Instrument de bord;15.0
2 019;Campagne CGFS;X0382;70;828;Ouverture Horizontale aux pointes d'ailes - opération - totale - Instrument de bord;14.3
2 019;Campagne CGFS;X0383;71;828;Ouverture Horizontale aux pointes d'ailes - opération - totale - Instrument de bord;14.5
2 019;Campagne CGFS;X0384;72;828;Ouverture Horizontale aux pointes d'ailes - opération - totale - Instrument de bord;14.31
2 019;Campagne CGFS;X0386;73;828;Ouverture Horizontale aux pointes d'ailes - opération - totale - Instrument de bord;14.1
2 019;Campagne CGFS;X0387;74;828;Ouverture Horizontale aux pointes d'ailes - opération - totale - Instrument de bord;16.2
2 019;Campagne CGFS;X0388;75;828;Ouverture Horizontale aux pointes d'ailes - opération - totale - Instrument de bord;13.9
2 019;Campagne CGFS;X0390;76;828;Ouverture Horizontale aux pointes d'ailes - opération - totale - Instrument de bord;15.3
2 019;Campagne CGFS;X0392;77;828;Ouverture Horizontale aux pointes d'ailes - opération - totale - Instrument de bord;15.4
2 019;Campagne CGFS;X0394;78;828;Ouverture Horizontale aux pointes d'ailes - opération - totale - Instrument de bord;14.89
2 019;Campagne CGFS;X0395;79;828;Ouverture Horizontale aux pointes d'ailes - opération - totale - Instrument de bord;15.25
2 019;Campagne CGFS;X0397;80;828;Ouverture Horizontale aux pointes d'ailes - opération - totale - Instrument de bord;16.57
2 019;Campagne CGFS;X0398;81;828;Ouverture Horizontale aux pointes d'ailes - opération - totale - Instrument de bord;16.29
2 019;Campagne CGFS;X0399;82;828;Ouverture Horizontale aux pointes d'ailes - opération - totale - Instrument de bord;16.58
2 019;Campagne CGFS;X0400;83;828;Ouverture Horizontale aux pointes d'ailes - opération - totale - Instrument de bord;16.76
2 019;Campagne CGFS;X0401;84;828;Ouverture Horizontale aux pointes d'ailes - opération - totale - Instrument de bord;15.75
2 019;Campagne CGFS;X0402;85;828;Ouverture Horizontale aux pointes d'ailes - opération - totale - Instrument de bord;16.71
2 019;Campagne CGFS;X0403;86;828;Ouverture Horizontale aux pointes d'ailes - opération - totale - Instrument de bord;15.92
2 019;Campagne CGFS;X0404;87;828;Ouverture Horizontale aux pointes d'ailes - opération - totale - Instrument de bord;15.14
2 019;Campagne CGFS;X0406;88;828;Ouverture Horizontale aux pointes d'ailes - opération - totale - Instrument de bord;15.6
2 019;Campagne CGFS;X0407;89;828;Ouverture Horizontale aux pointes d'ailes - opération - totale - Instrument de bord;13.8
2 019;Campagne CGFS;X0408;90;828;Ouverture Horizontale aux pointes d'ailes - opération - totale - Instrument de bord;16.3
2 019;Campagne CGFS;X0409;91;828;Ouverture Horizontale aux pointes d'ailes - opération - totale - Instrument de bord;16.35
2 019;Campagne CGFS;X0410;92;828;Ouverture Horizontale aux pointes d'ailes - opération - totale - Instrument de bord;16.0
2 019;Campagne CGFS;X0412;93;828;Ouverture Horizontale aux pointes d'ailes - opération - totale - Instrument de bord;17.05
2 019;Campagne CGFS;X0413;94;828;Ouverture Horizontale aux pointes d'ailes - opération - totale - Instrument de bord;17.85
2 019;Campagne CGFS;X0414;95;828;Ouverture Horizontale aux pointes d'ailes - opération - totale - Instrument de bord;17.39
2 019;Campagne CGFS;X0415;96;828;Ouverture Horizontale aux pointes d'ailes - opération - totale - Instrument de bord;17.29
2 019;Campagne CGFS;X0416;97;828;Ouverture Horizontale aux pointes d'ailes - opération - totale - Instrument de bord;17.91
2 019;Campagne CGFS;X0417;98;828;Ouverture Horizontale aux pointes d'ailes - opération - totale - Instrument de bord;13.8
2 019;Campagne CGFS;X0418;99;828;Ouverture Horizontale aux pointes d'ailes - opération - totale - Instrument de bord;14.0
2 019;Campagne CGFS;X0419;100;828;Ouverture Horizontale aux pointes d'ailes - opération - totale - Instrument de bord;16.67
2 019;Campagne CGFS;X0421;101;828;Ouverture Horizontale aux pointes d'ailes - opération - totale - Instrument de bord;13.48
2 019;Campagne CGFS;X0422;102;828;Ouverture Horizontale aux pointes d'ailes - opération - totale - Instrument de bord;13.6
2 019;Campagne CGFS;X0423;103;828;Ouverture Horizontale aux pointes d'ailes - opération - totale - Instrument de bord;14.1
2 019;Campagne CGFS;X0424;104;828;Ouverture Horizontale aux pointes d'ailes - opération - totale - Instrument de bord;15.14
2 019;Campagne CGFS;X0425;105;828;Ouverture Horizontale aux pointes d'ailes - opération - totale - Instrument de bord;15.4
2 019;Campagne CGFS;X0426;106;828;Ouverture Horizontale aux pointes d'ailes - opération - totale - Instrument de bord;15.1
2 019;Campagne CGFS;X0427;107;828;Ouverture Horizontale aux pointes d'ailes - opération - totale - Instrument de bord;14.7
2 019;Campagne CGFS;X0428;108;828;Ouverture Horizontale aux pointes d'ailes - opération - totale - Instrument de bord;13.6
2 019;Campagne CGFS;X0429;109;828;Ouverture Horizontale aux pointes d'ailes - opération - totale - Instrument de bord;16.1
2 019;Campagne CGFS;X0430;110;828;Ouverture Horizontale aux pointes d'ailes - opération - totale - Instrument de bord;15.9
2 019;Campagne CGFS;X0431;111;828;Ouverture Horizontale aux pointes d'ailes - opération - totale - Instrument de bord;14.89068
2 019;Campagne CGFS;X0432;112;828;Ouverture Horizontale aux pointes d'ailes - opération - totale - Instrument de bord;15.1074
2 019;Campagne CGFS;X0433;113;828;Ouverture Horizontale aux pointes d'ailes - opération - totale - Instrument de bord;13.3
2 019;Campagne CGFS;X0434;114;828;Ouverture Horizontale aux pointes d'ailes - opération - totale - Instrument de bord;15.5
2 019;Campagne CGFS;X0435;115;828;Ouverture Horizontale aux pointes d'ailes - opération - totale - Instrument de bord;16.4
2 019;Campagne CGFS;X0436;116;828;Ouverture Horizontale aux pointes d'ailes - opération - totale - Instrument de bord;15.6
2 019;Campagne CGFS;X0437;117;828;Ouverture Horizontale aux pointes d'ailes - opération - totale - Instrument de bord;14.92
2 019;Campagne CGFS;X0439;118;828;Ouverture Horizontale aux pointes d'ailes - opération - totale - Instrument de bord;15.45
